{
  "model": "bayesian_rate_and_state",
  "description": "Rate-and-state Bayesian level-space calibration with relaxation time \u03c4",
  "calibration": {
    "n_obs": 119,
    "obs_range": [
      1900.5416666666667,
      2018.5416666666667
    ],
    "r_squared": 0.9683530310443756,
    "coefficients_mm_yr": {
      "dalpha_dT": 4.625030733009468,
      "alpha0": 5.171355737370088,
      "trend": 2.631879377337219,
      "d_diseq": 0.532278123013989
    },
    "hdi_94_mm_yr": {
      "dalpha_dT": [
        3.102995419305997,
        6.131447357738905
      ],
      "alpha0": [
        4.002267085362482,
        6.31804792176236
      ],
      "trend": [
        2.350334305130533,
        2.9694433120218386
      ],
      "d_diseq": [
        3.171381487054105e-05,
        1.4837208203818844
      ]
    },
    "tau_yr": {
      "median": 18.188491895914517,
      "hdi_94": [
        4.325121155126103,
        80.04040849435631
      ]
    },
    "sigma_extra_mm": {
      "median": 1.2445470297075871,
      "hdi_94": [
        0.06356884678570854,
        3.5416429995830185
      ]
    }
  },
  "priors": {
    "a": "Exponential(mean=2.17 mm/yr/C^2)",
    "b": "HalfNormal(sigma=10.0 mm/yr/C)",
    "c": "Normal(2.0, 5.0 mm/yr)",
    "d": "Exponential(mean=1.30 mm/yr/C)",
    "tau": "LogNormal(log(20), 0.7)",
    "sigma_extra": "HalfCauchy(0, 5.0 mm)",
    "H0": "Normal(H_obs[0], 50.0 mm)"
  },
  "projections_at_2100_mm": {
    "SSP1-2.6": {
      "median": 1983.9828447919406,
      "p5": 1536.0157947981616,
      "p95": 2417.1210243211976
    },
    "SSP2-4.5": {
      "median": 2783.2923256644544,
      "p5": 2114.9828328262265,
      "p95": 3434.6114826961807
    },
    "SSP3-7.0": {
      "median": 3714.771241025404,
      "p5": 2790.0904181613855,
      "p95": 4612.95012329859
    },
    "SSP5-8.5": {
      "median": 4770.198018577296,
      "p5": 3549.709524515326,
      "p95": 5958.670494898174
    }
  }
}