{
  "model": "bayesian_rate_and_state",
  "description": "Rate-and-state Bayesian level-space calibration with relaxation time \u03c4",
  "calibration": {
    "n_obs": 119,
    "obs_range": [
      1900.5416666666667,
      2018.5416666666667
    ],
    "r_squared": 0.968095506444475,
    "coefficients_mm_yr": {
      "dalpha_dT": 4.552418778297204,
      "alpha0": 5.169653995643939,
      "trend": 2.660528332407107,
      "d_diseq": 0.656752095749338
    },
    "hdi_94_mm_yr": {
      "dalpha_dT": [
        3.035289964813398,
        5.996353638532106
      ],
      "alpha0": [
        4.0736868480872355,
        6.27760134138495
      ],
      "trend": [
        2.384553142133425,
        2.9950723709400697
      ],
      "d_diseq": [
        3.4150608179024655e-06,
        1.8110904298446528
      ]
    },
    "tau_yr": {
      "median": 15.822655883237275,
      "hdi_94": [
        4.020074658578248,
        75.03758473248506
      ]
    },
    "sigma_extra_mm": {
      "median": 1.1967472019166643,
      "hdi_94": [
        0.05820431339012197,
        3.50779425747592
      ]
    }
  },
  "priors": {
    "a": "Exponential(mean=2.17 mm/yr/C^2)",
    "b": "HalfNormal(sigma=10.0 mm/yr/C)",
    "c": "Normal(2.0, 5.0 mm/yr)",
    "d": "Exponential(mean=1.30 mm/yr/C)",
    "tau": "LogNormal(log(20), 0.7)",
    "sigma_extra": "HalfCauchy(0, 5.0 mm)",
    "H0": "Normal(H_obs[0], 50.0 mm)"
  },
  "projections_at_2100_mm": {
    "SSP1-2.6": {
      "median": 777.7372590208297,
      "p5": 642.6320348353931,
      "p95": 905.0581745702831
    },
    "SSP2-4.5": {
      "median": 1298.8396010367421,
      "p5": 1020.5395347605311,
      "p95": 1557.5823666013648
    },
    "SSP3-7.0": {
      "median": 1987.3166896741861,
      "p5": 1519.8473457927516,
      "p95": 2429.0347825437525
    },
    "SSP5-8.5": {
      "median": 2755.6989603406078,
      "p5": 2077.160584977411,
      "p95": 3401.3313121457663
    }
  }
}