{
  "model": "bayesian_rate_and_state",
  "description": "Rate-and-state Bayesian level-space calibration with relaxation time \u03c4",
  "calibration": {
    "n_obs": 119,
    "obs_range": [
      1900.5416666666667,
      2018.5416666666667
    ],
    "r_squared": 0.9677054561624052,
    "coefficients_mm_yr": {
      "dalpha_dT": 4.564600848300755,
      "alpha0": 5.191899976636852,
      "trend": 2.6677180226535433,
      "d_diseq": 0.7070373930459459
    },
    "hdi_94_mm_yr": {
      "dalpha_dT": [
        3.0693130937843973,
        6.077221055892875
      ],
      "alpha0": [
        4.054540516984062,
        6.331589565415781
      ],
      "trend": [
        2.376686688487145,
        3.01283496716647
      ],
      "d_diseq": [
        3.1483949228509526e-05,
        1.925524446033173
      ]
    },
    "tau_yr": {
      "median": 15.214185279954293,
      "hdi_94": [
        3.8926809209152213,
        74.58355643150914
      ]
    },
    "sigma_extra_mm": {
      "median": 1.301046676249739,
      "hdi_94": [
        0.07493027004630996,
        3.6400072929584595
      ]
    }
  },
  "priors": {
    "a": "Exponential(mean=2.17 mm/yr/C^2)",
    "b": "HalfNormal(sigma=10.0 mm/yr/C)",
    "c": "Normal(2.0, 5.0 mm/yr)",
    "d": "Exponential(mean=1.30 mm/yr/C)",
    "tau": "LogNormal(log(20), 0.7)",
    "sigma_extra": "HalfCauchy(0, 5.0 mm)",
    "H0": "Normal(H_obs[0], 50.0 mm)"
  },
  "projections_at_2100_mm": {
    "SSP1-2.6": {
      "median": 784.5599280138199,
      "p5": 646.5641832421809,
      "p95": 905.1112489394625
    },
    "SSP2-4.5": {
      "median": 1311.7399036565248,
      "p5": 1029.4876870934772,
      "p95": 1555.1900666379647
    },
    "SSP3-7.0": {
      "median": 2007.4647162535064,
      "p5": 1522.54269137654,
      "p95": 2422.5119477517487
    },
    "SSP5-8.5": {
      "median": 2783.7280997502935,
      "p5": 2077.1778337261417,
      "p95": 3396.333058467041
    }
  }
}