{
  "model": "bayesian_rate_and_state",
  "description": "Rate-and-state Bayesian level-space calibration with relaxation time \u03c4",
  "calibration": {
    "n_obs": 119,
    "obs_range": [
      1900.5416666666667,
      2018.5416666666667
    ],
    "r_squared": 0.9682937863639629,
    "coefficients_mm_yr": {
      "dalpha_dT": 4.638844211968436,
      "alpha0": 5.18739506990407,
      "trend": 2.637627771558471,
      "d_diseq": 0.5451942433266068
    },
    "hdi_94_mm_yr": {
      "dalpha_dT": [
        3.099912370491909,
        6.1535059632289775
      ],
      "alpha0": [
        4.039985456219432,
        6.375411513957513
      ],
      "trend": [
        2.35203890905351,
        2.9824218939894336
      ],
      "d_diseq": [
        3.912209996299767e-05,
        1.5167437896916964
      ]
    },
    "tau_yr": {
      "median": 18.697475992480886,
      "hdi_94": [
        4.402104974518249,
        81.21213027581172
      ]
    },
    "sigma_extra_mm": {
      "median": 1.2340300646816906,
      "hdi_94": [
        0.07021768067095498,
        3.5192987974182817
      ]
    }
  },
  "priors": {
    "a": "Exponential(mean=2.17 mm/yr/C^2)",
    "b": "HalfNormal(sigma=10.0 mm/yr/C)",
    "c": "Normal(2.0, 5.0 mm/yr)",
    "d": "Exponential(mean=1.30 mm/yr/C)",
    "tau": "LogNormal(log(20), 0.7)",
    "sigma_extra": "HalfCauchy(0, 5.0 mm)",
    "H0": "Normal(H_obs[0], 50.0 mm)"
  },
  "projections_at_2100_mm": {
    "SSP1-2.6": {
      "median": 779.1793577781802,
      "p5": 653.2354120293551,
      "p95": 912.969593679935
    },
    "SSP2-4.5": {
      "median": 1306.5077590222227,
      "p5": 1059.5080371158213,
      "p95": 1569.425153341167
    },
    "SSP3-7.0": {
      "median": 2002.0405887735499,
      "p5": 1579.6244483180694,
      "p95": 2447.1784986275284
    },
    "SSP5-8.5": {
      "median": 2780.04067241382,
      "p5": 2164.1233325261965,
      "p95": 3430.298190449456
    }
  }
}