{
  "model": "bayesian_rate_and_state",
  "description": "Rate-and-state Bayesian level-space calibration with relaxation time \u03c4",
  "calibration": {
    "n_obs": 119,
    "obs_range": [
      1900.5416666666667,
      2018.5416666666667
    ],
    "r_squared": 0.9678519075241618,
    "coefficients_mm_yr": {
      "dalpha_dT": 4.571728651663779,
      "alpha0": 5.196021480019527,
      "trend": 2.670641576510456,
      "d_diseq": 0.7090190866049731
    },
    "hdi_94_mm_yr": {
      "dalpha_dT": [
        3.0950668971613253,
        6.035655850632742
      ],
      "alpha0": [
        4.065939658578759,
        6.302796652549922
      ],
      "trend": [
        2.39066679020549,
        3.0254667079568627
      ],
      "d_diseq": [
        4.396906848509741e-05,
        1.9226497052996727
      ]
    },
    "tau_yr": {
      "median": 15.030963533633274,
      "hdi_94": [
        3.8134648247029124,
        76.85623915909002
      ]
    },
    "sigma_extra_mm": {
      "median": 1.2437315726561249,
      "hdi_94": [
        0.07470350473328904,
        3.542040686997652
      ]
    }
  },
  "priors": {
    "a": "Exponential(mean=2.17 mm/yr/C^2)",
    "b": "HalfNormal(sigma=10.0 mm/yr/C)",
    "c": "Normal(2.0, 5.0 mm/yr)",
    "d": "Exponential(mean=1.30 mm/yr/C)",
    "tau": "LogNormal(log(20), 0.7)",
    "sigma_extra": "HalfCauchy(0, 5.0 mm)",
    "H0": "Normal(H_obs[0], 50.0 mm)"
  },
  "projections_at_2100_mm": {
    "SSP1-2.6": {
      "median": 782.5409408196257,
      "p5": 643.9959014547799,
      "p95": 907.3135023628801
    },
    "SSP2-4.5": {
      "median": 1307.589815638183,
      "p5": 1029.911400856645,
      "p95": 1566.2028266869138
    },
    "SSP3-7.0": {
      "median": 1998.3355346385654,
      "p5": 1537.9188614888012,
      "p95": 2431.9820434806516
    },
    "SSP5-8.5": {
      "median": 2771.2773365235826,
      "p5": 2100.6296034988527,
      "p95": 3405.6035208834855
    }
  }
}