{
  "thermosteric_calibration": {
    "a_th": {
      "median": 0.23538629437291356,
      "ci_90": [
        0.0319163447546394,
        0.5483886289515154
      ]
    },
    "b_th": {
      "median": 1.1047595843382525,
      "ci_90": [
        0.9355425625797912,
        1.3202069373800762
      ]
    },
    "c_th": {
      "median": 0.989589059585819,
      "ci_90": [
        0.9580565082701484,
        1.0286658013142735
      ]
    },
    "R2": 0.9792568632855502
  },
  "glacier_calibration": {
    "a_gl": {
      "median": 0.5905269138649665,
      "ci_90": [
        0.35092693619841897,
        0.8314870610272048
      ]
    },
    "b_gl": {
      "median": 0.3055609637198923,
      "ci_90": [
        0.1935672546234376,
        0.4162593490174158
      ]
    },
    "c_gl": {
      "median": 0.5996672084277355,
      "ci_90": [
        0.5735135195830003,
        0.6249238213309012
      ]
    },
    "R2": 0.9812460305373089
  },
  "greenland_calibration": {
    "a_gr": {
      "median": 0.7433855535242788,
      "ci_90": [
        0.38483070762096055,
        1.1415887976598298
      ]
    },
    "b_gr": {
      "median": 0.3167451632455963,
      "ci_90": [
        0.04674517363212354,
        0.6422455861284672
      ]
    },
    "c_gr": {
      "median": 0.3982608809530643,
      "ci_90": [
        0.346155469807874,
        0.471337004708924
      ]
    },
    "R2": 0.968250428327753
  },
  "three_component_R2": 0.9497715481405771,
  "component_rates_2002_2018_mm_yr": {
    "Steric": 1.0465758021409919,
    "Glaciers": 0.6795629391483433,
    "Greenland": 0.83396210769815,
    "Antarctica": 0.4198276401296691,
    "TWS": 0.34423978604816036,
    "Total GMSL": 3.656878561586151
  },
  "projections_at_2100": {
    "SSP1-2.6": {
      "thermosteric_mm": 298.94414637240993,
      "glacier_mm": 234.30477719284454,
      "greenland_mm": 264.5278411614801,
      "three_comp_sum_mm": 797.7767647267347
    },
    "SSP2-4.5": {
      "thermosteric_mm": 370.7413806521184,
      "glacier_mm": 329.16880159531974,
      "greenland_mm": 383.5452939890531,
      "three_comp_sum_mm": 1083.4554762364912
    },
    "SSP5-8.5": {
      "thermosteric_mm": 530.6550005798248,
      "glacier_mm": 572.9066542959488,
      "greenland_mm": 687.5429767872487,
      "three_comp_sum_mm": 1791.1046316630222
    }
  },
  "config": {
    "data_source": "Frederikse et al. (2020) components",
    "validation": [
      "Horwath et al. (2022)",
      "IMBIE (Otosaka 2023)",
      "GlaMBIE (2024)"
    ],
    "temperature": "Berkeley Earth",
    "baseline_year": 2005.0
  }
}