{
  "thermosteric_calibration": {
    "a_th_median_mm": 0.23737812011255885,
    "a_th_90ci_mm": [
      0.027979384805654494,
      0.5564062143787555
    ],
    "b_th_median_mm": 1.0973312594722606,
    "b_th_90ci_mm": [
      0.9324580700292576,
      1.3271011254932261
    ],
    "c_th_median_mm": 0.9898030349398163,
    "c_th_90ci_mm": [
      0.9574474037555157,
      1.020597385861509
    ],
    "sigma_extra_median_mm": 1.1410876967506065,
    "R2": 0.9798720920154129
  },
  "component_rates_2002_2018_mm_yr": {
    "Steric": 1.0465758021409919,
    "Glaciers": 0.6795629391483433,
    "Greenland": 0.83396210769815,
    "Antarctica": 0.4198276401296691,
    "TWS": 0.34423978604816036,
    "Total GMSL": 3.656878561586151
  },
  "projections_at_2100": {
    "SSP1-2.6": {
      "thermosteric_median_mm": 298.5553027309954,
      "thermosteric_90ci_mm": [
        230.94241404194514,
        404.6419696625239
      ]
    },
    "SSP2-4.5": {
      "thermosteric_median_mm": 370.17883280540997,
      "thermosteric_90ci_mm": [
        268.3223221953005,
        529.0530835936005
      ]
    },
    "SSP5-8.5": {
      "thermosteric_median_mm": 528.8136802440697,
      "thermosteric_90ci_mm": [
        338.5052218603919,
        825.5906768183931
      ]
    }
  },
  "config": {
    "data_source": "Frederikse et al. (2020) steric component",
    "temperature": "Berkeley Earth",
    "baseline_year": 2005.0,
    "prior": {
      "a_th": "Exponential(mean=0.869 mm/yr/\u00b0C\u00b2)",
      "b_th": "HalfNormal(\u03c3=5.0 mm/yr/\u00b0C)",
      "c_th": "Normal(0.5, 2.0 mm/yr)"
    }
  }
}