{
  "thermosteric_calibration": {
    "a_th": {
      "median": 0.23573620088637834,
      "ci_90": [
        0.02919375440254214,
        0.5458027368002588
      ]
    },
    "b_th": {
      "median": 1.1000066653310894,
      "ci_90": [
        0.9338580275968977,
        1.3204538359224283
      ]
    },
    "c_th": {
      "median": 0.9900336416539182,
      "ci_90": [
        0.9588185345094223,
        1.0209458444948039
      ]
    },
    "R2": 0.9799223516806322
  },
  "glacier_calibration": {
    "a_gl": {
      "median": 0.5871816386739763,
      "ci_90": [
        0.34251041009489136,
        0.8341833640872468
      ]
    },
    "b_gl": {
      "median": 0.30492328330932383,
      "ci_90": [
        0.19198163879119093,
        0.4187327518724083
      ]
    },
    "c_gl": {
      "median": 0.5999859835804678,
      "ci_90": [
        0.5741773558456258,
        0.6252436923812975
      ]
    },
    "R2": 0.9810223005614259
  },
  "greenland_calibration": {
    "a_gr": {
      "median": 0.739878260992007,
      "ci_90": [
        0.3822515362583329,
        1.1534373602571415
      ]
    },
    "b_gr": {
      "median": 0.30916486427765566,
      "ci_90": [
        0.04052863947585315,
        0.6376776517566184
      ]
    },
    "c_gr": {
      "median": 0.39827072686914056,
      "ci_90": [
        0.34504051557445653,
        0.4789219955105411
      ]
    },
    "R2": 0.9626565489792575
  },
  "three_component_R2": 0.945383534367385,
  "component_rates_2002_2018_mm_yr": {
    "Steric": 1.0465758021409919,
    "Glaciers": 0.6795629391483433,
    "Greenland": 0.83396210769815,
    "Antarctica": 0.4198276401296691,
    "TWS": 0.34423978604816036,
    "Total GMSL": 3.656878561586151
  },
  "projections_at_2100": {
    "SSP1-2.6": {
      "thermosteric_mm": 300.1983205523976,
      "glacier_mm": 233.61266511418452,
      "greenland_mm": 266.5302726381112,
      "three_comp_sum_mm": 800.3412583046934
    },
    "SSP2-4.5": {
      "thermosteric_mm": 372.6712275210284,
      "glacier_mm": 327.7323815028146,
      "greenland_mm": 385.0888441787785,
      "three_comp_sum_mm": 1085.4924532026216
    },
    "SSP5-8.5": {
      "thermosteric_mm": 533.4534361110886,
      "glacier_mm": 570.7779584928816,
      "greenland_mm": 692.8998275875098,
      "three_comp_sum_mm": 1797.1312221914802
    }
  },
  "config": {
    "data_source": "Frederikse et al. (2020) components",
    "validation": [
      "Horwath et al. (2022)",
      "IMBIE (Otosaka 2023)",
      "GlaMBIE (2024)"
    ],
    "temperature": "Berkeley Earth",
    "baseline_year": 2005.0
  }
}