{
  "thermosteric_calibration": {
    "a_th": {
      "median": 0.2287881139664158,
      "ci_90": [
        0.0300521043284904,
        0.5361007984303107
      ]
    },
    "b_th": {
      "median": 1.0931778037133104,
      "ci_90": [
        0.9335577220059101,
        1.319265662705869
      ]
    },
    "c_th": {
      "median": 0.9892596115397725,
      "ci_90": [
        0.9572904321318363,
        1.0202490034223795
      ]
    },
    "R2": 0.9799879707189945
  },
  "glacier_calibration": {
    "a_gl": {
      "median": 0.5832720156568036,
      "ci_90": [
        0.35248697980988974,
        0.8327479258107409
      ]
    },
    "b_gl": {
      "median": 0.3035852441811433,
      "ci_90": [
        0.1964585446797996,
        0.41671145272183413
      ]
    },
    "c_gl": {
      "median": 0.6000822313593153,
      "ci_90": [
        0.5734619044799787,
        0.6251864894932687
      ]
    },
    "R2": 0.9810566475548064
  },
  "greenland_calibration": {
    "a_gr": {
      "median": 0.8818744402977909,
      "ci_90": [
        0.6944827766906507,
        1.0633530001862543
      ]
    },
    "b_gr": {
      "median": 0.7011008361143686,
      "ci_90": [
        0.5853711612781672,
        0.8385878729428359
      ]
    },
    "c_gr": {
      "median": 0.48645519485780336,
      "ci_90": [
        0.4157241682349754,
        0.6333370722754569
      ]
    },
    "R2": 0.8357639309608095
  },
  "three_component_R2": -0.7328961350805225,
  "component_rates_2002_2018_mm_yr": {
    "Steric": 1.0465758021409919,
    "Glaciers": 0.6795629391483433,
    "Greenland": 0.83396210769815,
    "Antarctica": 0.4198276401296691,
    "TWS": 0.34423978604816036,
    "Total GMSL": 3.656878561586151
  },
  "projections_at_2100": {
    "SSP1-2.6": {
      "thermosteric_mm": 296.5536195688919,
      "glacier_mm": 231.73298821462203,
      "greenland_mm": 423.60128179803627,
      "three_comp_sum_mm": 951.8878895815502
    },
    "SSP2-4.5": {
      "thermosteric_mm": 366.6805227164408,
      "glacier_mm": 325.16035683093736,
      "greenland_mm": 590.7226166455115,
      "three_comp_sum_mm": 1282.5634961928895
    },
    "SSP5-8.5": {
      "thermosteric_mm": 522.4568651134128,
      "glacier_mm": 564.0999471491366,
      "greenland_mm": 999.687357072895,
      "three_comp_sum_mm": 2086.2441693354444
    }
  },
  "config": {
    "data_source": "Frederikse et al. (2020) components",
    "validation": [
      "Horwath et al. (2022)",
      "IMBIE (Otosaka 2023)",
      "GlaMBIE (2024)"
    ],
    "temperature": "Berkeley Earth",
    "baseline_year": 2005.0
  }
}